doc_id,TFIDF_scores,key
190,6.941673497,blockchaininfo
274,6.941673497,mashable
286,6.941673497,pwc
509,6.941673497,techspot
517,6.941673497,techcrunch
727,6.941673497,crowdfundingbeat
835,6.941673497,risknet
292,6.536208389,nerdwallet
280,6.248526317,airbnb
309,6.248526317,nest
601,6.248526317,investopedia
739,6.248526317,syndicateroom
312,6.025382765,ey
506,6.025382765,angellist
719,6.025382765,algomi
850,6.025382765,cnbc
155,5.688910529,statistics
609,5.688910529,bloomberg
630,5.688910529,forbes
733,5.688910529,blockchain
604,4.926770477,deloitte
627,4.926770477,money
742,4.926770477,technica
745,4.926770477,banker
841,4.926770477,verge
1808,4.801607334,integrations
1559,4.267524848,apis
1560,4.267524848,commission
1574,4.267524848,reuters
1575,4.267524848,journal
1593,4.267524848,stats
295,4.051301739,phenomenon
2036,3.997234518,intelligence
2026,3.609468987,address
398,3.470836749,explained
738,3.470836749,times
306,3.124263158,finance
416,3.124263158,swaps
1389,3.124263158,company
624,2.844455264,portfolios
633,2.71879805,lending
825,2.71879805,applications
392,2.666117792,payments
174,2.544940226,investors
522,2.544940226,report
578,2.463385238,analysis
1453,2.393073663,colleagues
1861,2.393073663,blacksmiths
577,2.319544202,program
803,2.319544202,million
1470,2.250325615,data
1587,2.250325615,hack
1857,2.250325615,hosts
758,2.17873613,operation
419,2.054230077,organized
474,2.02565087,solve
103,1.998617259,capgemini
737,1.998617259,machines
597,1.89630351,regulation
555,1.804734494,convergence
678,1.804734494,preferences
782,1.804734494,approach
55,1.735418374,regulations
644,1.735418374,uncertainties
116,1.546362801,software
239,1.546362801,system
447,1.545762948,venmo
1952,1.422508283,schemes
646,1.422227632,economy
187,1.419515066,fraud
410,1.400277824,fintechenabled
688,1.332411506,research
57,1.272470113,cyberinsecurity
631,1.231692619,query
1062,1.19725647,governance
1109,1.19725647,community
1148,1.19725647,network
204,1.196536831,bankregulators
542,1.196536831,mutual
179,1.159772101,architecture
614,1.159772101,solutions
854,1.159772101,markets
618,1.14757456,association
621,1.14757456,mobiles
318,1.137782106,configurations
425,1.137782106,offerings
531,1.137782106,premiums
1387,1.128775145,management
356,1.103986213,cardbased
516,1.090688668,popular
608,1.090688668,decline
834,1.090688668,events
831,1.066447117,networks
751,1.050715595,role
346,1.041421053,channel
185,1.029982806,run
2012,1.013974264,limits
411,1.012825435,issues
518,1.012825435,universe
287,1.005975691,country
402,1.005975691,triggers
734,1.005975691,protection
182,0.985354095,implementation
830,0.985354095,concerns
741,0.954352585,factors
401,0.935750095,platforms
301,0.927817681,microinsurance
417,0.927817681,projections
628,0.927817681,effectiveness
701,0.927817681,model
749,0.927817681,adapt
414,0.918059648,implemented
521,0.918059648,reliable
746,0.918059648,subsidiaries
1657,0.906266017,desirable
1814,0.906266017,serve
284,0.902367247,side
1865,0.892646617,volumes
408,0.883188971,project
473,0.883188971,liquidation
515,0.883188971,identity
565,0.883188971,cannibalization
619,0.883188971,itself
845,0.883188971,wallets
1854,0.872820901,behalf
647,0.867796762,startups
1656,0.867709187,evolve
838,0.848313409,share
1452,0.848313409,fis
159,0.846581359,online
396,0.846581359,attributes
725,0.846581359,globally
833,0.846581359,diversify
1984,0.846581359,bank
1955,0.844978553,services
1328,0.833816955,techniques
1992,0.833816955,sale
1997,0.833816955,spectrum
2004,0.833816955,posting
2013,0.833816955,capital
2019,0.833816955,revenue
2023,0.833816955,credentials
2029,0.833816955,stakeholders
2034,0.833816955,equity
566,0.810260348,transaction
622,0.810260348,transactions
743,0.810260348,solution
848,0.810260348,instability
164,0.804780553,economics
510,0.804780553,insurance
2032,0.804780553,phone1
167,0.799446904,tools
405,0.799446904,sooner
328,0.797691221,finnish
771,0.797691221,private
1027,0.797691221,bodies
852,0.789188245,strategy
722,0.774724112,spend
1063,0.774724112,trust
62,0.772881474,scale
278,0.772881474,adjudication
393,0.772881474,profits
501,0.772881474,websites
605,0.772881474,characteristics
829,0.772881474,publication
1983,0.772881474,custodians
82,0.750108538,countries
437,0.750108538,area
541,0.750108538,underwrite
665,0.750108538,distribution
770,0.750108538,require
1026,0.750108538,agencies
1965,0.750108538,service
70,0.748132201,maturity
1149,0.729454023,clients
1388,0.729167326,parties
160,0.721893797,accounting
399,0.721893797,decrease
507,0.721893797,standards
610,0.721893797,brewery
728,0.721893797,physicalbased
729,0.721893797,statements
836,0.721893797,accurately
1985,0.721893797,cards
27,0.697658398,digid
1597,0.694422392,score
986,0.694280702,consequences
180,0.694074607,advice
513,0.694074607,categories
652,0.685943905,accounts
519,0.679699513,scrutinised
635,0.679699513,banking
638,0.679699513,idp
726,0.679699513,differentiation
281,0.677265087,partnerships
341,0.677265087,life
448,0.677265087,detail
504,0.677265087,successful
2021,0.677265087,region
303,0.675216957,adviser
1812,0.669748405,trying
1487,0.666529448,exporter
512,0.666205753,assigned
1988,0.666205753,portal
48,0.658203051,mentorship
1909,0.657656871,refreshed
617,0.654615676,consent
397,0.653620839,usage
651,0.653620839,history
837,0.653620839,action
1285,0.653620839,technologies
1660,0.653620839,assets
930,0.649525177,usa
935,0.649525177,sourced
1484,0.649229023,examined
391,0.649111175,funds
2008,0.636680978,population
97,0.636235056,insurers
1683,0.636235056,nearrealtime
1932,0.636235056,rollout
1725,0.633733915,lifestyle
214,0.63210117,angel
1781,0.624470419,advisor
1471,0.620382271,information
156,0.618305179,base
579,0.617264348,environment
1868,0.617264348,pricing
415,0.604177344,skills
824,0.601969573,position
59,0.598268416,broadly
602,0.598268416,market
720,0.598268416,change
826,0.598268416,manner
388,0.594200763,shift
560,0.594200763,jurisdictions
724,0.593056115,hypotheses
193,0.592470621,analysts
400,0.592470621,later
1856,0.592470621,cloud
2059,0.592470621,users
285,0.587293898,price
371,0.587293898,merchantissued
403,0.587293898,firms
1696,0.587293898,best
151,0.584306121,manhattan
508,0.584306121,africa
1692,0.578472791,actors
620,0.568891053,purposes
1804,0.568891053,energy
363,0.568047847,world
1465,0.567972278,board
554,0.564387573,parameters
677,0.564387573,newer
327,0.562581404,ecosystem
387,0.562581404,provider
495,0.562581404,purpose
599,0.562581404,banks
1866,0.562415808,providers
843,0.555084816,businesses
744,0.553374366,broker
747,0.552888761,2012
499,0.54776207,exchange
282,0.547418942,authentication
1813,0.547418942,currencies
118,0.545344334,attendance
157,0.545344334,test
603,0.545344334,experience
1514,0.545344334,partnership
1286,0.544684032,return
308,0.54375961,infrastructure
1658,0.54375961,industry
381,0.527160991,protected
778,0.52369254,mentors
1538,0.52369254,processes
311,0.520710526,challenger
316,0.520710526,sheet
220,0.515254316,discounts
721,0.515254316,replicate
2010,0.515254316,crisis
1621,0.511745414,uptodate
827,0.506616805,them
254,0.502785261,lenders
134,0.499576335,government
626,0.499576335,bancorp
750,0.496305817,acceptance
1555,0.496305817,bills
723,0.495833821,merchant
846,0.495833821,systems
330,0.494326918,securitiescash
1874,0.493242653,universities
276,0.482109312,environments
600,0.482109312,tupas
1809,0.48132888,float
1568,0.480655871,signatures
153,0.478614733,circumstances
275,0.478614733,paypal
390,0.478614733,receive
498,0.478614733,speed
2009,0.478614733,agility
288,0.477176292,sets
1779,0.474169428,technology
1018,0.473084135,truth
1584,0.472012477,all
735,0.470452458,lowrisk
1717,0.466872028,others
1989,0.46432294,lei
1995,0.46432294,quickly
583,0.458066096,involvement
1479,0.454160304,intermediaries
715,0.453133008,occur
54,0.452473292,rounds
26,0.450065123,interfaces
56,0.450065123,attain
150,0.450065123,years
272,0.450065123,converge
717,0.450065123,insuree
823,0.450065123,basis
1645,0.450065123,margins
1943,0.450065123,advisors
550,0.449466247,options
706,0.449466247,it
434,0.449107099,innovation
144,0.448238626,channels
707,0.448238626,execution
154,0.447888225,obligation
1588,0.438437914,worth
1953,0.438437914,expensive
119,0.437608502,error
148,0.437608502,decisions
456,0.437608502,future
207,0.433854594,overestimated
975,0.433016784,segments
584,0.430384483,example
527,0.429159502,documents
1034,0.426398336,opportunities
1926,0.42583719,store
1716,0.42535091,entrants
271,0.424483083,digital
477,0.42336233,activities
1750,0.420083347,tweet
350,0.417361515,impact
302,0.413070748,function
573,0.408513024,language
470,0.407947262,own
574,0.407169863,deposited
797,0.406350752,response
1941,0.406350752,volatility
1291,0.401832667,rates
1160,0.401692184,standard
673,0.401449532,accurate
406,0.389742921,diversified
442,0.389537414,presented
1486,0.386935783,worthwhile
1554,0.386935783,generation
1921,0.3865907,tested
1863,0.385763821,received
1739,0.385117973,vendor
1758,0.382713374,secure
1173,0.381741034,challenge
1461,0.38087397,possible
1577,0.380617928,interpreted
479,0.379962603,over
805,0.379260702,consumed
349,0.378982344,identities
2047,0.378648185,purchase
88,0.376590378,vehicles
259,0.376586423,participants
1297,0.376586423,institutional
1845,0.376586423,digitalbased
821,0.376230983,products
1864,0.374682311,stability
109,0.374017843,companies
69,0.373532189,used
76,0.373532189,rate
1433,0.373532189,refined
1684,0.373532189,insights
1454,0.373496378,produce
131,0.370358609,avg
1693,0.367851002,jurisdiction
12,0.367560372,nature
364,0.367560372,valuable
1380,0.367560372,models
1607,0.367560372,entitys
1853,0.365809342,domiciled
765,0.365191326,needs
1901,0.365191326,uncertainty
1837,0.364727012,default
800,0.363562889,retention
2051,0.363249927,such
231,0.363122688,leakage
549,0.362506407,considered
165,0.362133666,uses
1690,0.362133666,payers
755,0.361581984,scores
443,0.358721929,doing
480,0.358721929,other
528,0.357437767,worldwide
2001,0.357331119,value
2017,0.357331119,growth
629,0.356000431,time
1704,0.356000431,shared
1586,0.354504155,respond
1627,0.35443428,institutions
1293,0.351912177,suite
1450,0.349817346,themselves
407,0.347624099,process
1975,0.347211196,those
2003,0.347211196,be
1210,0.347140351,households
1311,0.347083675,hold
502,0.345910778,same
568,0.344859426,declining
1581,0.343327602,larger
1596,0.342971952,transact
1924,0.342147242,implement
1987,0.341867666,exposure
708,0.341531297,complete
1702,0.34116361,internationally
1867,0.338445874,proliferate
2046,0.337991421,individuals
296,0.33721408,front
2067,0.334874203,every
840,0.334870633,privacy
1630,0.334870633,contraction
1500,0.334641796,institution
491,0.33442754,threshold
484,0.333264724,counterparties
537,0.33305089,distributors
291,0.332260867,external
767,0.331948725,this
1567,0.331659243,capabilities
1765,0.331363457,business
703,0.330938253,receivable
1170,0.330555881,loyalty
1310,0.330555881,accordingly
1917,0.328869806,investment
1536,0.328828435,portfolio
1810,0.328271142,shorten
1772,0.328133544,transform
1686,0.326787008,work
374,0.326770718,key
893,0.324614512,externally
63,0.321861465,emerge
586,0.321598007,each
422,0.320698829,startup
1738,0.320400388,landscape
1466,0.320170447,trades
138,0.319858594,profile
675,0.318117528,adopted
1956,0.317125409,press
731,0.313805586,107world
1715,0.313805586,investments
17,0.313660917,TRUE
1385,0.313660917,developed
1582,0.313660917,relationships
1612,0.313660917,entity
135,0.312692113,247
336,0.312692113,employees
460,0.312426316,account
367,0.311638595,requirements
704,0.310482998,upstream
1659,0.310233139,legal
418,0.310191135,regional
1764,0.30927256,securities
1757,0.308094379,underbanked
1397,0.308054436,term
10,0.305481464,risk
754,0.305481464,manual
862,0.305481464,develop
1378,0.305481464,in
1605,0.305481464,managers
1843,0.303819719,traditional
1767,0.30353394,or
1918,0.30353394,expectations
13,0.302936119,popularity
1381,0.302936119,user
1608,0.302936119,demise
95,0.302401664,expertise
1869,0.302290624,communications
1240,0.302088672,rehypothecation
685,0.301811891,product
1731,0.301811891,application
96,0.299780851,its
1551,0.298227725,features
2016,0.298227725,period
2062,0.297963513,offers
117,0.29779177,competition
1763,0.297100381,condition
1978,0.297100381,for
50,0.29623531,nonfinancial
536,0.295593794,like
1090,0.293868432,identify
177,0.293662234,advantage
1305,0.293646949,counterparty
172,0.293463766,status
1784,0.293148856,operate
1248,0.292388376,7
1493,0.292361825,occupancy
1123,0.291128698,prowess
1788,0.289943025,charlie
273,0.289265587,efficiency
1796,0.289236396,parks
1401,0.287421626,managing
230,0.286922989,customers
1873,0.286189268,commercial
16,0.284445526,recipients
1751,0.284182973,improvement
1501,0.284023923,opposed
1679,0.284023923,interest
1887,0.284023923,facilitated
5,0.282771136,3
2063,0.282771136,8
1769,0.28244749,flow
1469,0.281852945,office
1032,0.281207904,bridged
493,0.280055565,risks
856,0.279085231,changes
1372,0.279085231,slowly
1599,0.279085231,mail
299,0.279037499,these
641,0.27869677,capability
832,0.277768957,road
1047,0.27766694,slowed
1441,0.27766694,burdens
1342,0.277651461,accrue
940,0.275904806,5
262,0.275422772,automakers
1553,0.275045075,before
958,0.272672167,irrefutably
101,0.272342016,field
255,0.271879805,proliferation
663,0.271879805,ands
1384,0.271879805,hands
1611,0.271879805,empower
623,0.271483975,lives
1654,0.271318203,alliance
108,0.270900501,2
1805,0.270756699,costs
950,0.270086783,fintech
1418,0.270086783,transfer
683,0.270017544,archetypes
372,0.269008453,within
206,0.268829976,electronified
1665,0.267998339,4
1990,0.267998339,across
2027,0.267998339,label
1859,0.267899362,income
1860,0.267899362,disrupt
1776,0.267000323,unfair
1214,0.266987442,margin
1906,0.266720303,liability
1646,0.265897074,by
1614,0.265593691,current
523,0.265173991,clearing
585,0.265039448,switch
337,0.264750602,fee
2042,0.264541864,zero
195,0.263123655,into
2048,0.262934913,development
60,0.262678899,difficult
1300,0.261973164,structure
331,0.261752055,directly
1217,0.261448336,enabling
680,0.260355263,journeys
353,0.259303709,to
788,0.259106249,returns
1695,0.258848085,individual
248,0.25864457,disaggregate
659,0.258241371,gaps
1462,0.258093648,google
1468,0.257957189,differentiator
1876,0.257957189,their
871,0.257454361,rails
1114,0.257454361,incentives
897,0.257099018,patterns
1606,0.256211968,players
79,0.255872707,auto
130,0.255872707,crowdcube
1624,0.255872707,complement
1697,0.255872707,deepdives
697,0.255210546,important
383,0.254967039,cars
1373,0.254967039,participate
1729,0.254967039,successfully
1001,0.254494023,owners
1824,0.25404614,on
1768,0.253493566,document
875,0.253308402,entry
1283,0.253308402,spending
1934,0.252517233,algorithms
2031,0.252517233,with
908,0.251710487,analytics
1166,0.25139263,tokenization
2,0.251030873,source
1910,0.250036179,exposed
105,0.250007641,scrutiny
373,0.250007641,documentation
1254,0.249941053,access
1302,0.249941053,limitations
1766,0.249941053,smaller
1347,0.249788167,transformation
1499,0.249021459,ratios
874,0.248405027,via
1244,0.248405027,loans
1562,0.248140536,todays
1771,0.247598158,engage
77,0.247383082,practices
1893,0.247107851,limited
1885,0.246862195,fundraising
1307,0.246621326,society
469,0.246142454,range
483,0.246057454,today
776,0.246057454,cheques
1174,0.245571797,subscribers
1352,0.244162548,strategies
1811,0.243544875,sources
2065,0.243544875,retail
994,0.243460884,making
1580,0.242101285,of
1773,0.241674127,obligations
194,0.241644267,components
1448,0.241422444,riskadverse
1550,0.238588146,completion
1515,0.238042064,disorganised
11,0.237911113,through
481,0.237911113,deal
587,0.237911113,apr
863,0.237911113,public
1379,0.237911113,massmutual
9,0.236995676,operations
861,0.236995676,last
1377,0.236995676,compete
1604,0.236995676,mt
2066,0.236806656,cont
1068,0.236542067,20world
1039,0.236417222,mean
67,0.235393054,points
137,0.235219694,home
762,0.233823141,continuously
876,0.233823141,acquire
1892,0.233722448,harvesting
858,0.233436014,groups
1601,0.233436014,experiences
1786,0.233379637,vs
1635,0.233211564,age
1585,0.23216147,ways
377,0.23183633,sizes
385,0.231749399,increase
1301,0.231745491,kyc
1087,0.231474131,sophistication
1175,0.231474131,predicted
589,0.231426901,react
1196,0.228647968,media
1920,0.227080152,transactional
2030,0.226566504,conscious
423,0.225630583,segment
1694,0.225534562,accountfunded
1064,0.225185776,even
1074,0.225185776,breach
2061,0.225185776,size
114,0.225072319,operators
1534,0.224733123,what
1121,0.224553549,marketplaces
213,0.224119313,eleven
1483,0.224119313,interests
1713,0.224119313,continually
1848,0.223944113,low
1730,0.223924952,automation
1904,0.223249468,proposition
1976,0.223161654,partner
1680,0.222957416,cash
660,0.222050372,form
2005,0.221096499,contracts
1774,0.220067413,various
1615,0.2198007,manufacturers
1503,0.219218957,investing
2068,0.219025303,breaches
808,0.218579264,tang
1579,0.218137734,perspectives
1883,0.218137734,are
2040,0.217949956,an
810,0.217503844,effectively
1903,0.217503844,ey
809,0.217121488,cnbc
1077,0.216927297,cnbc
1939,0.216927297,bloomberg
2014,0.215466425,forbes
857,0.214709085,forbes
1600,0.214709085,forbes
1533,0.213923947,forbes
931,0.213668428,forbes
1162,0.213376242,forbes
806,0.213226407,why
1315,0.213199168,why
870,0.212675455,why
1648,0.212321705,why
1137,0.211401389,why
125,0.211244638,why
954,0.211244638,why
1374,0.210845432,why
478,0.210536991,why
1406,0.209477016,why
106,0.209397369,why
1076,0.209138312,why
352,0.209013633,why
2060,0.208765536,why
1948,0.208680757,why
760,0.208415435,why
375,0.208274384,why
1638,0.208274384,why
1159,0.207771819,deloitte
1157,0.207535473,faq
943,0.207333285,newswire
2015,0.207333285,18
1828,0.206535374,insider
1858,0.206076432,insider
670,0.205754783,insider
948,0.205113214,schwab
1251,0.205085984,journal
1894,0.204575056,3
2054,0.204166868,12
1667,0.20374483,11
1747,0.20374483,11
1971,0.20374483,times
1949,0.203488652,2
1208,0.203215469,2
1084,0.203175376,2
1303,0.203175376,2
1474,0.203175376,finance
260,0.202646722,9
1331,0.202646722,10
1264,0.202580311,7
868,0.20161688,8
976,0.20161688,8
991,0.201601109,8
1211,0.201392448,6
1905,0.200846092,6
1204,0.200724766,6
380,0.200066972,6
1834,0.200066972,5
1787,0.199895626,5
136,0.198724022,15
807,0.198724022,15
775,0.198576537,12
869,0.196845963,12
205,0.193872472,12
1552,0.193681028,4
53,0.193467892,4
1852,0.193467892,4
432,0.19288191,4
1862,0.19288191,11
1447,0.192824264,statistics
571,0.192437423,18
440,0.192241423,17
1709,0.192064293,8
104,0.19190453,8
38,0.191356687,journal
435,0.191262427,14
171,0.191039199,journal
129,0.190886853,journal
40,0.190870517,14
1004,0.190292354,etc
75,0.189777957,etc
1723,0.189491172,13
1636,0.189353156,13
1931,0.189324093,6
1994,0.189175298,6
1220,0.189107573,questions
462,0.188115492,questions
315,0.187910277,questions
1425,0.187527135,questions
256,0.187341156,questions
143,0.186766094,questions
1705,0.186766094,3
1312,0.186215138,3
865,0.185430573,3
883,0.185069665,3
947,0.185041977,3
881,0.184677205,15
1021,0.184543091,15
1007,0.184150079,12
1785,0.183925501,12
763,0.183780186,11
872,0.183119535,11
1151,0.183119535,11
431,0.182904671,times
1823,0.182675618,times
1670,0.182644934,times
467,0.182478805,11
1028,0.181854464,11
564,0.181692478,occurred
1963,0.181624964,occurred
798,0.181477719,occurred
892,0.181264555,occurred
1089,0.180790992,5
1791,0.180790992,2
1919,0.180790992,2
242,0.180222527,2
1095,0.179973058,9
588,0.179926657,9
1761,0.179360965,9
1826,0.179205779,9
672,0.178805931,commission
1855,0.178599575,14
1424,0.178585746,14
1502,0.178585746,etc
2006,0.178426477,10
1707,0.177991628,10
1836,0.177991628,10
1207,0.177837309,7
2064,0.177778454,7
1498,0.177741186,7
78,0.177439383,7
1269,0.177062461,7
1672,0.176475982,7
1746,0.176400971,8
133,0.175119266,8
394,0.175119266,8
1110,0.175068966,13
1902,0.174908673,12
1343,0.174596451,12
1345,0.17400719,12
1626,0.173792805,12
1566,0.173717841,12
1272,0.173605598,11
1711,0.17310197,11
705,0.172955389,11
682,0.172608254,6
34,0.172399472,9
360,0.172399472,9
19,0.172391228,9
1938,0.1720076,9
896,0.171818089,9
1436,0.171751439,9
1040,0.171663801,5
1509,0.171562662,5
1841,0.171163544,5
1042,0.169677484,5
1351,0.16944135,5
1298,0.169344932,etc
1650,0.169316272,help
1728,0.16887909,help
428,0.168771672,help
1762,0.168631783,help
261,0.166536841,help
455,0.166536841,help
2043,0.166126259,help
654,0.165719847,10
1886,0.165719847,10
1482,0.165572667,10
2038,0.16527794,10
139,0.164885795,7
1629,0.164850525,7
1819,0.164850525,7
1756,0.164619928,8
1252,0.163601687,8
511,0.162781543,3
36,0.162442993,3
1246,0.162442993,3
779,0.162307256,4
1907,0.1617373,4
1023,0.161648553,4
1339,0.161400857,4
1685,0.160703104,4
885,0.160690231,4
899,0.160179401,4
51,0.1601274,2
210,0.160085224,2
1954,0.160085224,2
2002,0.160085224,2
1687,0.159419717,2
1410,0.159268647,2
1940,0.159058764,2
1628,0.158413045,6
1565,0.158286146,6
894,0.158148297,6
1882,0.157837649,6
229,0.156358055,6
249,0.156358055,6
1132,0.156213158,6
1846,0.156117605,competitors
696,0.155894308,5
1825,0.155624009,5
1030,0.155404708,5
987,0.155095568,5
1849,0.154890559,5
687,0.154765491,analysis
1168,0.153738124,bloomberg
338,0.153632464,8
1632,0.153482373,8
787,0.153005485,schemes
886,0.152696414,etc
92,0.152403081,4
1002,0.152403081,16
215,0.152004846,3
1422,0.151641439,3
333,0.15146806,3
2044,0.151242808,3
1066,0.151127721,5
201,0.150900598,5
529,0.150824431,2
942,0.150787844,2
1178,0.150492393,2
1126,0.150420388,2
1972,0.150394541,crowdfunding
1999,0.150185788,est
1048,0.150102228,person
1426,0.149567104,4
552,0.149412875,4
1913,0.149412875,4
2050,0.149033436,2016
1354,0.148981757,2016
1815,0.148895885,vol
264,0.148558895,rps
1261,0.148117655,2017
68,0.147605441,2017
1258,0.147605441,3
1117,0.146934216,3
1675,0.1465338,3
225,0.145719736,3
1871,0.145299971,3
126,0.144905014,money
237,0.144689348,1
1802,0.144231851,1
955,0.143766672,2
1703,0.142861509,2
227,0.142758376,2
1348,0.142422886,2
1653,0.142102628,2
1655,0.142102628,2
244,0.141666806,2
451,0.141223745,2
1914,0.141096893,eg
879,0.14067147,2015
490,0.140074571,off
2007,0.140074571,schemes
785,0.139425541,offerings
686,0.139393321,1
1259,0.139273964,1
1835,0.139273964,system
980,0.13885614,lending
376,0.138821495,universe
2037,0.138753915,platform
1118,0.137952403,eg
1622,0.137835673,eg
1079,0.137765078,eg
1662,0.137690249,eg
218,0.137147986,company
561,0.137147986,subsidiaries
2025,0.137147965,subsidiaries
258,0.136367804,evolve
572,0.135939903,fis
247,0.135837529,2016
441,0.135497052,ie
452,0.135493651,3
1239,0.135493651,behalf
1620,0.135450251,model
1700,0.135020631,system
1936,0.134486606,solution
905,0.134438051,vehicle
52,0.134411253,platform
2028,0.133954078,1
1925,0.133949681,rp
430,0.133944222,posting
933,0.133640536,2015
1688,0.133498804,applications
1830,0.133498804,attributes
1777,0.133417666,eg
1262,0.133155959,globally
1512,0.132947368,issues
1338,0.132780381,publication
382,0.132624295,publication
1681,0.132005455,10
1959,0.132005455,2016
489,0.13183489,tools
1008,0.131561828,clients
217,0.131302547,clients
1633,0.130876027,clients
1120,0.130614913,rps
1165,0.130505968,rps
21,0.130359037,accounting
1790,0.130359037,accounting
30,0.129996701,operation
1817,0.129779989,schemes
250,0.129651855,services
1625,0.129154761,fis
1710,0.128978594,rp
1946,0.128978594,itself
873,0.128931762,2015
1881,0.128863567,action
1888,0.128519149,action
2049,0.128205857,party
450,0.128160949,advisor
1531,0.12810513,management
1691,0.127936354,country
996,0.127605273,transactions
347,0.127571125,banking
146,0.127520945,money
1163,0.127361217,fis
1891,0.127336196,fis
1981,0.127288427,fis
91,0.127206308,system
1979,0.127206308,system
1072,0.126767073,attributes
1682,0.126756502,3
1065,0.126654201,clients
819,0.126212245,data
1288,0.126169853,offerings
6,0.125403428,technologies
811,0.125273518,crowdfunding
551,0.124970526,payments
990,0.124787761,1
1583,0.12451073,1
1724,0.12451073,preferences
457,0.124464448,preferences
37,0.124076454,solutions
1407,0.123958455,solutions
1922,0.12379691,solutions
1897,0.123661036,transaction
1416,0.123613599,networks
941,0.123488974,report
2057,0.123431097,report
1733,0.123310663,etc
463,0.123118137,markets
482,0.123071227,markets
1792,0.122864169,accounts
2024,0.122818899,sector
33,0.122690858,2
1743,0.122690858,world
1449,0.122190247,finnish
1069,0.122086228,eg
1816,0.122085383,ecosystem
661,0.120835469,investors
1041,0.120822133,scale
866,0.120741948,idps
324,0.120393915,regulation
424,0.119573111,providers
1564,0.119573111,system
1205,0.118955557,system
246,0.118946746,insurance
764,0.118923277,firms
1980,0.11866681,experience
102,0.118350081,firms
1807,0.117957533,firms
999,0.117903984,entities
1309,0.117655483,entities
2069,0.117655483,entities
662,0.117613115,entities
1255,0.116620458,lifestyle
1152,0.116525019,markets
1652,0.11637612,markets
1306,0.116280717,mentors
956,0.116209075,idps
671,0.116057095,1
1044,0.1158747,services
1644,0.115338766,hypotheses
695,0.115338509,registry
789,0.11496865,banks
1036,0.11496865,lenders
867,0.114804232,10
938,0.114804232,spend
1647,0.114500959,eg
1340,0.114208907,eg
1872,0.114049081,eg
124,0.112815291,physicalbased
1202,0.112815291,system
1543,0.112303285,assets
2018,0.112242794,firms
7,0.112223696,service
1414,0.112059657,2015
233,0.111962476,users
1080,0.111475847,infrastructure
89,0.111088241,identity
365,0.111088241,markets
1760,0.110482892,report
946,0.110312751,report
1532,0.110088246,party
1183,0.109292815,environment
1923,0.108314475,lenders
1511,0.107636107,6
1125,0.107597251,currencies
1930,0.107337935,mentors
49,0.107146132,tools
1744,0.106800129,banks
859,0.106749369,transactions
1375,0.106749369,network
1602,0.106749369,network
1517,0.106723482,system
676,0.106604341,schemes
8,0.106239441,2
860,0.106239441,eg
1603,0.106239441,eg
1737,0.106167992,eg
2000,0.106167992,information
145,0.105622319,portfolios
698,0.105141544,markets
1403,0.10481727,markets
427,0.104738508,industry
86,0.104569156,industry
3,0.104542086,region
576,0.10432496,ie
1780,0.10428723,blockchain
1195,0.104137192,bank
420,0.104085972,ecosystem
1850,0.103785693,providers
1714,0.103666643,1
818,0.103451744,1
317,0.103267687,use
461,0.103142995,use
548,0.102556607,solutions
1996,0.102459353,system
99,0.102349083,data
1740,0.101744326,fis
1832,0.101744326,platform
569,0.10171945,2
496,0.101474747,eg
1010,0.101323361,eg
1350,0.101094293,report
71,0.100972849,experience
492,0.10093977,providers
1215,0.100684195,base
241,0.100513509,credentials
1840,0.100280259,intermediaries
433,0.100033486,intermediaries
669,0.099915267,4
1467,0.0998233,8
487,0.099789092,identity
545,0.099789092,all
1912,0.099726642,cards
1829,0.099068162,partnerships
530,0.098777787,advice
321,0.098745103,rps
1708,0.098382361,purposes
1736,0.09814397,markets
113,0.097882316,system
1434,0.097840244,1
1706,0.0976892,1
795,0.09766592,rp
1935,0.097483782,payments
993,0.097453942,world
1497,0.097282253,data
444,0.097183593,data
952,0.097179039,preferences
984,0.09709993,bank
313,0.096989201,network
525,0.096989201,networks
649,0.096989201,2
752,0.096989201,capital
351,0.096859976,eg
2033,0.096825488,eg
1818,0.096752155,4
769,0.096733946,entities
1649,0.096733946,management
1083,0.096676132,decrease
1651,0.096676132,5
700,0.096459565,use
23,0.095678344,online
1962,0.095678344,products
348,0.09564021,technologies
1890,0.0955196,systems
322,0.095368778,systems
1908,0.094806572,bank
655,0.094662046,capital
80,0.094450691,idp
694,0.094450691,data
459,0.094364209,execution
925,0.093930735,accounts
1257,0.093867786,eg
711,0.093807634,eg
1513,0.093383047,eg
1519,0.093383047,transactions
2011,0.093383047,rps
791,0.093374406,insurance
1870,0.093369712,insurance
1376,0.093361933,europe
25,0.092864588,providers
1595,0.092698196,future
901,0.092354861,7
1435,0.092041295,capital
1800,0.09184932,channels
1755,0.091542968,infrastructure
1734,0.091207511,retention
774,0.091064037,management
191,0.090798401,network
1358,0.090654947,platform
1754,0.090615994,banks
1520,0.090596365,6
2041,0.090351407,required
15,0.090252233,data
1383,0.090252233,3
1610,0.090252233,eg
1993,0.089673683,eg
1412,0.089647725,serve
1752,0.089647725,services
1177,0.089609992,basis
1998,0.089379436,institutions
446,0.088632358,systems
454,0.088222087,products
563,0.0875217,identity
320,0.08704652,13
1770,0.086906025,10
111,0.086609401,network
1900,0.086594699,8
794,0.086525509,be
1793,0.086473114,5
2055,0.086419149,eg
989,0.086352436,eg
1086,0.086352436,money
1124,0.086352436,mgmt
2022,0.086197909,systems
539,0.086076897,challenge
326,0.08598573,institutions
1801,0.0858319,occur
354,0.085614952,products
691,0.085536811,products
1222,0.084962439,world
235,0.084831341,advisors
1156,0.084136003,ecosystem
1197,0.083903496,value
421,0.083899128,industry
1439,0.083899128,entities
1933,0.083826906,system
951,0.083284745,transaction
1958,0.083268751,transaction
209,0.083007153,behalf
1879,0.083007153,documents
1741,0.082985743,networks
1313,0.082659047,eg
2045,0.082425263,them
784,0.082417459,offerings
1167,0.082094846,return
1050,0.081383175,services
1081,0.081301705,services
223,0.081026035,etc
559,0.081026035,stakeholders
1950,0.080824277,13
123,0.080801908,institutions
1265,0.080646752,1
200,0.080512741,1
1795,0.080467407,agencies
325,0.080397096,information
1097,0.080345115,identity
1789,0.080220946,tools
1822,0.080109312,transaction
1698,0.080042612,system
1782,0.080042612,transact
1129,0.079753296,rps
1169,0.079634323,bank
1523,0.079585606,processes
110,0.079012646,time
674,0.078960287,lending
1421,0.078918824,language
2058,0.078900054,market
1839,0.078769801,eg
1247,0.078357506,eg
1495,0.078163066,6
1749,0.078146436,future
226,0.077907483,users
1344,0.077830785,4
263,0.077717192,data
212,0.077282522,networks
1944,0.077195925,evolve
1745,0.076954836,ie
472,0.076869895,banks
1663,0.076808565,network
570,0.076784634,transaction
547,0.07652337,services
1727,0.075636183,services
562,0.075600416,1
132,0.075592284,return
997,0.075403071,insurance
2020,0.075210194,platform
699,0.074929416,occur
147,0.074890797,experience
1842,0.074786301,platforms
1701,0.074706438,attributes
14,0.074490878,7
1382,0.074490878,eg
1609,0.074490878,capabilities
1616,0.074416489,opportunities
4,0.074279903,activities
534,0.074172229,options
668,0.074016791,regulation
361,0.073898449,services
1127,0.07380272,implementation
1947,0.0735702,years
429,0.073512074,7
464,0.073480278,institutions
2056,0.073329846,institutions
546,0.073290575,4
983,0.073061752,stakeholders
1844,0.072712578,transactions
690,0.072624538,business
777,0.072624538,why
436,0.072550459,project
1431,0.072517384,eg
1911,0.072517384,needs
1951,0.072296553,fx
1778,0.071922227,attributes
1051,0.071880772,processes
934,0.071855407,platforms
1916,0.071665781,country
890,0.070622649,world
93,0.070548447,attributes
87,0.070414879,project
81,0.070351961,project
820,0.070351961,project
1182,0.070166308,eg
1035,0.070044226,4
766,0.069996462,entities
1131,0.069687175,entities
1308,0.069403661,entities
20,0.069322333,information
709,0.069322333,information
121,0.068872759,markets
332,0.06866552,profits
540,0.068282785,industry
1618,0.068232722,11
453,0.067689175,services
1549,0.067564785,business
1289,0.067548907,years
982,0.067188455,identity
1336,0.067068354,network
1803,0.066974841,occur
335,0.06688036,history
1271,0.066823224,solutions
804,0.066688991,information
1851,0.066668704,information
471,0.066605917,markets
801,0.066414783,investors
1634,0.066389745,occur
234,0.066117304,1
1464,0.065917445,transactions
243,0.06581742,crisis
1722,0.065690273,profile
681,0.065339273,4
359,0.065308933,identity
595,0.064992451,occur
1521,0.064886586,apis
1085,0.06470187,serve
41,0.064674486,2
202,0.064489297,systems
1915,0.064489297,other
1619,0.064426381,scale
1430,0.064295018,intermediaries
558,0.064080078,minutes
1721,0.064034089,required
32,0.063999201,years
24,0.063593271,years
963,0.063536697,years
1794,0.063478995,years
1797,0.063373392,tools
216,0.063220885,1
22,0.063204382,1
1661,0.063204382,institution
753,0.063106123,occur
786,0.063095487,10
340,0.063092365,system
1973,0.063092365,system
1895,0.062975623,strategy
1896,0.062746343,data
535,0.062725252,services
907,0.062699007,occur
1395,0.062662704,channels
1295,0.06239388,channels
1119,0.062249604,institutions
1318,0.062225146,models
468,0.062050922,eg
1831,0.062048331,eg
979,0.061854512,eg
582,0.061790865,swaps
1316,0.061662343,external
1317,0.061584631,entities
1402,0.061402408,1
270,0.061095124,3
1429,0.061095124,users
1292,0.060040891,online
864,0.059592703,needs
1400,0.059237775,years
1092,0.05916989,issues
553,0.059016625,service
1977,0.05900156,business
1256,0.058641669,business
366,0.057962006,business
1216,0.057883714,products
949,0.057199777,eg
357,0.056843234,eg
664,0.056624749,investments
245,0.05640881,idps
1880,0.056209562,3
817,0.056202347,stocks
466,0.056173428,services
799,0.056139428,online
1617,0.056119328,intermediaries
757,0.056029828,system
1970,0.056029828,products
1404,0.056011113,products
488,0.055970775,products
199,0.055826772,1
31,0.055811772,investments
1496,0.055241446,advisors
692,0.054196263,intermediaries
772,0.053766343,managers
1942,0.053549464,identity
345,0.053361741,entities
1898,0.053361741,eg
197,0.053322855,eg
2039,0.052720985,transaction
329,0.05253578,institutions
1006,0.051498998,systems
796,0.051438696,connectivity
1,0.051394144,environment
1409,0.051361619,data
445,0.051348445,solutions
1135,0.051298076,industry
323,0.05112871,sale
1884,0.051075403,credentials
120,0.050936208,products
713,0.050936208,partnership
253,0.050832113,services
945,0.050597905,eg
1270,0.050424874,eg
334,0.050307174,networks
768,0.049630582,banks
773,0.049501107,below
1411,0.04872159,own
1033,0.048650757,information
344,0.048545513,cost
2053,0.047828975,online
208,0.047815607,africa
761,0.04768496,data
793,0.047540667,products
1673,0.047474295,eg
1049,0.047381975,users
1967,0.047379892,stakeholders
358,0.046975491,processes
1530,0.046848878,margins
1176,0.046708394,business
370,0.046689377,entrants
1961,0.046372331,1
926,0.04628538,eg
1877,0.045925013,services
1539,0.045738635,services
1115,0.045674516,services
339,0.045442912,system
1889,0.045311085,industry
1937,0.045311085,characteristics
1957,0.045311085,firms
1420,0.044794571,revenue
465,0.044386344,institutions
1676,0.04431902,worldwide
684,0.044313019,efficiency
575,0.044262469,1
929,0.044218712,3
1250,0.044111044,3
232,0.044085838,eg
714,0.043804051,services
1678,0.043758682,privacy
1263,0.043693793,developed
1927,0.043650976,landscape
538,0.043360909,etc
66,0.043155525,1
904,0.043106312,1
1821,0.043099868,them
362,0.043051587,platform
2035,0.042977254,customers
998,0.042798125,decrease
1249,0.042345371,regulators
476,0.042086206,ecosystem
1304,0.041993014,rates
1838,0.041842936,1
1221,0.041720998,solutions
439,0.041515764,business
1128,0.041508367,markets
1206,0.041507803,mgmt
1677,0.04144015,future
1991,0.041412489,system
1847,0.041358458,evolve
1485,0.041246255,process
35,0.041215286,term
1299,0.040954723,10
1666,0.040748966,risk
257,0.040716986,eg
1294,0.040476551,forward
1413,0.040346965,experience
1929,0.04002784,condition
90,0.039718645,markets
1241,0.039650328,1
268,0.039393564,1
1212,0.039298908,digital
1945,0.039133239,eg
1296,0.039017248,its
1833,0.038839972,etc
992,0.03879568,services
1266,0.038755262,services
1494,0.038701308,maturity
1357,0.03850631,4
657,0.038441192,3
1720,0.03831296,1
1359,0.038154122,industry
1669,0.03792607,history
1094,0.037772895,market
1396,0.037658642,machines
1478,0.037641725,clients
219,0.036965288,these
1181,0.036965288,1
1968,0.036953197,1
533,0.03690136,data
1223,0.036885755,services
314,0.036849254,investment
977,0.03680388,platform
906,0.036493075,population
1091,0.036433569,1
1428,0.036251376,4
650,0.035733112,systems
1046,0.035389878,eg
960,0.035231618,eg
1438,0.035018643,response
693,0.034798743,processes
1268,0.034737523,costs
1641,0.034682227,investment
198,0.034479894,eg
1136,0.034318536,eg
2052,0.034254655,data
1878,0.034186767,individuals
1518,0.033957472,all
1719,0.033881013,customers
1623,0.033861959,eg
1440,0.0337657,eg
192,0.032719007,required
1198,0.032714797,externalisation
1043,0.032699175,segments
596,0.032698799,2016
449,0.032693917,crisis
1341,0.032329787,eg
1974,0.0319847,for
679,0.031880332,costs
1138,0.031839867,eg
1546,0.031440399,ie
1009,0.031227534,1
85,0.031130321,regulation
1219,0.03069168,for
792,0.030228183,europe
658,0.030224009,identity
1671,0.030100056,2
544,0.029943961,eg
1437,0.029882575,etc
1637,0.02986763,network
1775,0.029711779,to
1171,0.029699706,to
887,0.029665271,to
236,0.029548389,banks
319,0.029468627,2016
1966,0.029183825,platform
667,0.029172455,developed
74,0.029140537,advantage
1199,0.028950921,1
783,0.028913394,basis
1134,0.028819612,accrue
962,0.02859878,customers
1112,0.02859878,factor
1334,0.028404323,eg
1003,0.02819182,institutions
240,0.027939118,transactions
1415,0.027742837,techniques
1098,0.027676239,investors
1563,0.027526548,customers
1153,0.027425167,protected
593,0.027196484,their
1558,0.027009651,difficult
1075,0.026978165,system
759,0.026913185,network
1096,0.026899313,eg
1408,0.026760254,changes
1640,0.026685226,1
1664,0.026680645,base
1442,0.026366978,agencies
1557,0.026366978,players
532,0.026358457,threshold
1875,0.026238291,4
1349,0.025968778,years
1689,0.025960663,be
1078,0.025862859,etc
1783,0.025846214,counterparties
1314,0.025804849,individual
1371,0.025707981,implementation
1753,0.025660443,institutions
1423,0.025540465,investors
73,0.025468104,share
1529,0.025271259,risks
1432,0.025234942,future
1712,0.025181945,developed
1393,0.025114542,individual
1353,0.024973998,share
384,0.024963599,eg
1492,0.024842781,products
1154,0.024785366,providers
900,0.024543504,3
1427,0.02451324,eg
1960,0.024468702,by
224,0.024314716,systems
1481,0.024159464,3
1668,0.024098851,eg
65,0.024018093,operate
1419,0.0239722,within
1180,0.023581404,changes
1964,0.023494934,1
438,0.023415085,online
944,0.023206142,managers
1573,0.02319307,implementation
1391,0.022985674,data
426,0.022738129,decisions
1639,0.022537901,risks
1172,0.022425404,intermediaries
1516,0.022411931,base
112,0.022229851,services
981,0.022114237,equity
1267,0.021954516,costs
557,0.021853511,eg
995,0.02172071,actors
957,0.021680455,its
1480,0.021549934,manufacturing
927,0.021532287,3
1735,0.021520114,participate
1827,0.021445333,by
1213,0.021212851,by
702,0.021143331,them
1088,0.021059681,by
1209,0.020759224,return
814,0.020751788,same
1759,0.020374483,why
1798,0.019997006,for
1093,0.019985502,platforms
1116,0.019851251,other
1245,0.019851251,1
1524,0.019678719,eg
1455,0.019488636,eg
1473,0.01932063,returns
1038,0.019214474,accrue
1386,0.019188614,own
959,0.019046012,process
1417,0.018783566,user
196,0.018781734,sector
1337,0.018608475,its
1561,0.018482142,considered
1179,0.018190885,eg
1260,0.017875853,1
1732,0.017703168,eg
1718,0.017581604,all
1445,0.017509321,1
1594,0.017509321,today
98,0.017313243,to
1508,0.017241906,by
1405,0.017230407,parties
1022,0.017213571,eg
107,0.017108779,analysis
1290,0.016988927,model
526,0.016967312,implementation
1130,0.01688104,why
1726,0.016851076,businesses
895,0.016842389,growth
1346,0.016817988,eg
1203,0.01673209,over
978,0.016643314,insurers
1067,0.016563298,customers
1243,0.016560335,eg
592,0.016479361,today
567,0.016396982,structure
1899,0.016362336,rps
140,0.016276635,eg
1472,0.01624053,eg
898,0.016073307,eg
1201,0.016040411,mean
1522,0.016008522,condition
100,0.015967868,eg
1547,0.01578305,eg
1000,0.015687183,approach
1799,0.015357553,mean
903,0.015320775,counterparties
1253,0.015242106,mean
1528,0.01516205,transactions
1394,0.014977915,eg
953,0.014970916,eg
1398,0.014744692,with
1570,0.014744692,process
1446,0.014731987,ecosystem
1820,0.014621939,customers
1133,0.01461235,eg
756,0.014546879,themselves
122,0.014459311,today
1525,0.014320553,today
889,0.014286261,ecosystem
1284,0.014026198,eg
1111,0.013743598,customers
1024,0.013634595,to
1029,0.013606694,ie
1598,0.01329447,eg
891,0.013271914,evolve
1456,0.013261498,eg
878,0.013231925,eg
1460,0.013191229,segments
1578,0.013181758,by
1045,0.013162269,investment
1113,0.012785692,across
961,0.012776621,rails
39,0.012428192,eg
1164,0.012384599,eg
18,0.012280326,access
880,0.012278436,mean
812,0.012246957,intermediaries
1200,0.012120189,eg
267,0.012049425,why
594,0.011893272,landscape
985,0.011770441,est
29,0.011663764,needs
1031,0.011523675,evolve
1332,0.011483886,sector
712,0.011359904,eg
266,0.011351318,efficiency
1070,0.011092568,institutions
1161,0.010911263,on
884,0.01081792,experience
1982,0.010709893,crisis
936,0.01067516,within
1399,0.01065004,eg
1510,0.010629001,eg
1356,0.010540997,landscape
932,0.010502323,in
1158,0.010346373,offerings
1569,0.010050193,today
815,0.009702135,ie
1037,0.009688226,model
988,0.00955716,in
1073,0.009513624,landscape
1443,0.009377377,to
1463,0.009350773,models
1390,0.009255565,impact
939,0.009143743,for
591,0.009073656,what
1571,0.009073656,networks
1488,0.009000776,eg
1355,0.008984679,eg
1392,0.008963057,insurer
1631,0.008907885,share
1591,0.008762885,traditional
1071,0.008735976,eg
269,0.008599555,insurers
343,0.008489394,cont
1005,0.008434597,individuals
1572,0.008425538,eg
888,0.008269357,eg
1082,0.008200302,eg
1333,0.008175335,institutions
1218,0.00816789,analysis
1541,0.008120265,for
1576,0.007883447,why
1674,0.007811897,in
1589,0.007649123,for
1122,0.007579707,institutions
1335,0.007569346,eg
1025,0.007393677,participate
937,0.007391496,institutions
45,0.007294664,institutions
379,0.007224713,eg
1642,0.006541676,on
1643,0.006351153,capabilities
141,0.00631322,eg
1242,0.006156184,traditional
1444,0.005761422,1
1457,0.005535052,role
813,0.005466325,sources
816,0.005400465,eg
42,0.005355542,mgmt
877,0.005303036,eg
1155,0.00497038,why
710,0.004945534,eg
486,0.00492209,eg
142,0.004921551,managers
928,0.004892437,partner
1489,0.004827517,compete
1742,0.004790109,source
1475,0.004762863,why
590,0.004602039,why
47,0.004562838,eg
1590,0.004228666,them
1504,0.004098522,eg
902,0.004092032,etc
1287,0.003614011,institutions
485,0.003507344,are
1540,0.003411253,eg
855,0.003355749,eg
882,0.003342823,startups
378,0.003057562,eg
1613,0.002629898,today
1556,0.002396998,eg
265,0.002296304,eg
43,0.00104015,1
